id;placed_date;status;code;facility_id;customer_id
1;2021-03-15T17:31:19;CANCELLED;Bike Concrete;17893;1
2;2021-03-15T15:21:37;CANCELLED;Forest reinvent compelling;95053;2
3;2021-03-15T23:25:18;CANCELLED;SQL Nepalese Rupee;67341;3
4;2021-03-15T21:27:20;PENDING;COM;63858;4
5;2021-03-15T16:27:26;PENDING;Buckinghamshire;13154;5
6;2021-03-15T04:26:30;PENDING;reboot Hat;2907;6
7;2021-03-15T09:15:53;CANCELLED;transform project;47815;7
8;2021-03-15T09:45:43;PENDING;Buckinghamshire Solutions connecting;7903;8
9;2021-03-15T23:12:21;CANCELLED;Incredible Granite Soap;10309;9
10;2021-03-15T11:53:50;DRAFT;card matrix Dong;71816;10
