{
  "generator-jhipster": {
    "authenticationType": "jwt",
    "cacheProvider": "no",
    "clientFramework": "react",
    "serverPort": "8080",
    "serviceDiscoveryType": "eureka",
    "skipUserManagement": false,
    "baseName": "loans",
    "buildTool": "maven",
    "databaseType": "sql",
    "devDatabaseType": "h2Disk",
    "enableHibernateCache": false,
    "enableSwaggerCodegen": false,
    "enableTranslation": true,
    "jhiPrefix": "jhi",
    "languages": ["en", "fr"],
    "messageBroker": false,
    "nativeLanguage": "en",
    "prodDatabaseType": "mysql",
    "searchEngine": false,
    "skipClient": false,
    "testFrameworks": ["protractor", "cucumber", "gatling"],
    "websocket": false,
    "applicationType": "gateway",
    "packageName": "com.smeiob.demo.loans",
    "packageFolder": "com/smeiob/demo/loans",
    "useSass": true,
    "jhipsterVersion": "6.10.5",
    "creationTimestamp": 1615854120398,
    "skipServer": false,
    "clientPackageManager": "npm",
    "clientTheme": "none",
    "clientThemeVariant": "",
    "jwtSecretKey": "YmFhYjY5OWE2Njc1NmVhODAyYmEwOWQ5ZWY2ODEwNDgxNDJjOTJmYzBmZmZhZGIzOTJjNDllYTUzYTQ4YmE4NTI3NmZkYWQ2ZWIxZTNmOGE1YzJiNmQyNWZhMzJhM2I3YWZiM2JmOGIxMmE2NjNjYmJmOTYwZjQyZTVkZDUzMTU=",
    "embeddableLaunchScript": false,
    "entitySuffix": "",
    "dtoSuffix": "DTO",
    "otherModules": [],
    "blueprints": []
  },
  "entities": ["Product", "ProductCategory", "Customer", "ProductPackage", "LoanProduct", "LoanApplication", "Disbursement"]
}
