{
  "name": "LoanProduct",
  "fields": [
    {
      "fieldName": "quantity",
      "fieldType": "Integer",
      "fieldValidateRules": ["required", "min"],
      "fieldValidateRulesMin": "0"
    },
    {
      "fieldName": "totalPrice",
      "fieldType": "BigDecimal",
      "fieldValidateRules": ["required", "min"],
      "fieldValidateRulesMin": "0"
    },
    {
      "fieldName": "status",
      "fieldType": "LoanProductStatus",
      "fieldValues": "AVAILABLE,EXIT_FROM_MARKET,ON_PROMOTION_ONLY",
      "fieldValidateRules": ["required"]
    }
  ],
  "relationships": [
    {
      "relationshipType": "many-to-one",
      "otherEntityName": "product",
      "otherEntityRelationshipName": "loanProduct",
      "relationshipValidateRules": "required",
      "relationshipName": "product",
      "otherEntityField": "name"
    },
    {
      "relationshipType": "many-to-one",
      "otherEntityName": "productPackage",
      "otherEntityRelationshipName": "orderItem",
      "relationshipValidateRules": "required",
      "relationshipName": "order",
      "otherEntityField": "code"
    }
  ],
  "changelogDate": "20210316002723",
  "entityTableName": "loan_product",
  "dto": "no",
  "pagination": "pagination",
  "service": "serviceClass",
  "jpaMetamodelFiltering": false,
  "fluentMethods": true,
  "readOnly": false,
  "embedded": false,
  "clientRootFolder": "",
  "applications": ["loans"]
}
