{
  "name": "Product",
  "fields": [
    {
      "fieldName": "name",
      "fieldType": "String",
      "fieldValidateRules": ["required"]
    },
    {
      "fieldName": "description",
      "fieldType": "String"
    },
    {
      "fieldName": "interestRate",
      "fieldType": "BigDecimal",
      "fieldValidateRules": ["required", "min"],
      "fieldValidateRulesMin": "0"
    },
    {
      "fieldName": "productSegment",
      "fieldType": "PSegment",
      "fieldValues": "PPC,SME_S,SME_L,XL,XXL",
      "fieldValidateRules": ["required"]
    },
    {
      "fieldName": "image",
      "fieldType": "byte[]",
      "fieldTypeBlobContent": "image"
    }
  ],
  "relationships": [
    {
      "relationshipType": "many-to-one",
      "otherEntityName": "productCategory",
      "otherEntityRelationshipName": "product",
      "relationshipName": "productCategory",
      "otherEntityField": "name"
    }
  ],
  "changelogDate": "20210316002323",
  "javadoc": "Product offered by the  loans",
  "entityTableName": "product",
  "dto": "no",
  "pagination": "pagination",
  "service": "serviceClass",
  "jpaMetamodelFiltering": false,
  "fluentMethods": true,
  "readOnly": false,
  "embedded": false,
  "clientRootFolder": "",
  "applications": ["loans"]
}
