{
  "name": "ProductPackage",
  "fields": [
    {
      "fieldName": "placedDate",
      "fieldType": "Instant",
      "fieldValidateRules": ["required"]
    },
    {
      "fieldName": "status",
      "fieldType": "ApplicationStatus",
      "fieldValues": "DRAFT,COMPLETED,PENDING,CANCELLED",
      "fieldValidateRules": ["required"]
    },
    {
      "fieldName": "code",
      "fieldType": "String",
      "fieldValidateRules": ["required"]
    },
    {
      "fieldName": "facilityId",
      "fieldType": "Long"
    }
  ],
  "relationships": [
    {
      "relationshipType": "one-to-many",
      "otherEntityName": "loanProduct",
      "otherEntityRelationshipName": "order",
      "relationshipName": "orderItem"
    },
    {
      "relationshipType": "many-to-one",
      "otherEntityName": "customer",
      "otherEntityRelationshipName": "order",
      "relationshipValidateRules": "required",
      "relationshipName": "customer",
      "otherEntityField": "email"
    }
  ],
  "changelogDate": "20210316002623",
  "entityTableName": "product_package",
  "dto": "no",
  "pagination": "pagination",
  "service": "serviceClass",
  "jpaMetamodelFiltering": false,
  "fluentMethods": true,
  "readOnly": false,
  "embedded": false,
  "clientRootFolder": "",
  "applications": ["loans"]
}
