id;name;description;interest_rate;product_segment;image;image_content_type
1;Generic Steel Tuna;website calculating;57374;SME_S;../fake-data/blob/hipster.png;image/png
2;Chilean Peso Unidades de fomento Handmade Legacy;deposit Sri Lanka Rupee THX;28913;PPC;../fake-data/blob/hipster.png;image/png
3;Centers Steel Credit Card Account;networks infomediaries;57853;SME_L;../fake-data/blob/hipster.png;image/png
4;transmitting intermediate withdrawal;green Credit Card Account;51217;SME_L;../fake-data/blob/hipster.png;image/png
5;neutral;Rustic Concrete Car;78661;XL;../fake-data/blob/hipster.png;image/png
6;aggregate throughput Practical;mobile distributed Dynamic;80377;XXL;../fake-data/blob/hipster.png;image/png
7;Personal Loan Account yellow;Cape Verde;40746;SME_L;../fake-data/blob/hipster.png;image/png
8;Crossroad invoice;Liaison;22423;XXL;../fake-data/blob/hipster.png;image/png
9;Ergonomic Concrete Ball SMS;Gorgeous Rubber Cheese quantifying;16934;XXL;../fake-data/blob/hipster.png;image/png
10;project Stand-alone Computer;Arizona Buckinghamshire;94611;SME_S;../fake-data/blob/hipster.png;image/png
