id;tracking_code;date;details;invoice_id
1;Ford composite holistic;2021-03-15T03:53:47;Generic Chief Operative;1
2;Handcrafted architect;2021-03-15T13:15:03;Buckinghamshire;2
3;Configuration;2021-03-15T11:39:26;turquoise Dominican Peso;3
4;Money Market Account;2021-03-15T06:26:14;Money Market Account extensible;4
5;dot-com Forward;2021-03-15T03:39:09;panel programming Rustic Soft Ball;5
6;Fall matrix Sports;2021-03-15T10:43:26;Benin cross-platform PNG;6
7;Marketing Delaware Station;2021-03-15T04:38:00;SDD Louisiana;7
8;Danish Krone;2021-03-15T06:05:14;parsing users;8
9;Practical Wooden Hat bandwidth;2021-03-15T19:00:28;Unbranded Plastic Car Tennessee;9
10;ADP primary reinvent;2021-03-15T04:12:17;South Carolina moratorium Chips;10
