id;code;date;details;status;payment_method;disburement_date;amount
1;Soap;2021-03-15T00:34:27;Implemented payment;ISSUED;OD;2021-03-15T20:03:22;4406
2;application;2021-03-15T16:03:01;relationships;APPROVED;ACCOUNT;2021-03-15T13:51:43;61651
3;invoice transmitting;2021-03-15T12:17:49;evolve;PAID;OD;2021-03-15T19:08:33;21975
4;Home value-added Group;2021-03-15T09:21:56;core;APPROVED;OD;2021-03-15T13:05:00;98807
5;Denmark Generic Metal Sausages;2021-03-15T22:12:17;Face to face Gorgeous Granite Chips proactive;ISSUED;GIRO;2021-03-15T05:58:21;39733
6;magenta Soft;2021-03-15T08:14:45;PCI;APPROVED;OD;2021-03-15T02:19:05;13781
7;Beauty;2021-03-15T10:15:00;background Cheese;CANCELLED;OD;2021-03-15T11:39:05;88234
8;Computers Grove;2021-03-15T17:50:19;cross-platform Refined Plastic Keyboard;PAID;OD;2021-03-15T11:02:13;418
9;multi-state interface;2021-03-15T12:28:35;Handcrafted;CANCELLED;OD;2021-03-15T23:20:49;82681
10;Ergonomic Granite Pizza hacking extensible;2021-03-15T16:30:25;intuitive Central Soft;APPROVED;GIRO;2021-03-15T22:58:38;62116
