{
  "generator-jhipster": {
    "authenticationType": "jwt",
    "cacheProvider": "hazelcast",
    "serverPort": "8081",
    "serviceDiscoveryType": "eureka",
    "skipUserManagement": true,
    "baseName": "loanApplication",
    "buildTool": "maven",
    "databaseType": "sql",
    "devDatabaseType": "h2Disk",
    "enableHibernateCache": true,
    "enableSwaggerCodegen": false,
    "enableTranslation": true,
    "jhiPrefix": "jhi",
    "languages": ["en", "fr"],
    "messageBroker": false,
    "nativeLanguage": "en",
    "prodDatabaseType": "mysql",
    "searchEngine": false,
    "skipClient": true,
    "testFrameworks": [],
    "websocket": false,
    "applicationType": "microservice",
    "packageName": "com.smeiob.demo.invoice",
    "packageFolder": "com/smeiob/demo/invoice",
    "jhipsterVersion": "6.10.5",
    "creationTimestamp": 1615854120398,
    "clientPackageManager": "npm",
    "jwtSecretKey": "ZTI1NTFlMGUzNzlmZmY5NGQ1YzYxNmE2MzZiYzA4NDgzYTAxZmM1OGFkNzBhMzUwY2E3Y2JjOTQyNWJlZmE2ZmZmNWJmZWFkOWUyYWQzNzQ5YjIyOWMwZGQ4YjdmYzFjM2MyMTY1NmM1MWZjZTIxNGUyY2M5ZDdiYTg3YjllZmE=",
    "embeddableLaunchScript": false,
    "entitySuffix": "",
    "dtoSuffix": "DTO",
    "otherModules": [],
    "blueprints": []
  },
  "entities": ["LoanApplication", "Disbursement"]
}
