{
  "name": "Disbursement",
  "fields": [
    {
      "fieldName": "trackingCode",
      "fieldType": "String"
    },
    {
      "fieldName": "date",
      "fieldType": "Instant",
      "fieldValidateRules": ["required"]
    },
    {
      "fieldName": "details",
      "fieldType": "String"
    }
  ],
  "relationships": [
    {
      "relationshipType": "many-to-one",
      "otherEntityName": "loanApplication",
      "otherEntityRelationshipName": "shipment",
      "relationshipValidateRules": "required",
      "relationshipName": "invoice",
      "otherEntityField": "code"
    }
  ],
  "changelogDate": "20210316002923",
  "entityTableName": "disbursement",
  "dto": "no",
  "pagination": "pagination",
  "service": "serviceClass",
  "jpaMetamodelFiltering": false,
  "fluentMethods": true,
  "readOnly": false,
  "embedded": false,
  "clientRootFolder": "",
  "applications": ["loans", "loanApplication"],
  "microserviceName": "loanApplication"
}
