{
  "name": "LoanApplication",
  "fields": [
    {
      "fieldName": "code",
      "fieldType": "String",
      "fieldValidateRules": ["required"]
    },
    {
      "fieldName": "date",
      "fieldType": "Instant",
      "fieldValidateRules": ["required"]
    },
    {
      "fieldName": "details",
      "fieldType": "String"
    },
    {
      "fieldName": "status",
      "fieldType": "LoanApplicationStatus",
      "fieldValues": "APPROVED,PAID,ISSUED,CANCELLED",
      "fieldValidateRules": ["required"]
    },
    {
      "fieldName": "paymentMethod",
      "fieldType": "DisbursementMethod",
      "fieldValues": "OD,ACCOUNT,GIRO",
      "fieldValidateRules": ["required"]
    },
    {
      "fieldName": "disburementDate",
      "fieldType": "Instant",
      "fieldValidateRules": ["required"]
    },
    {
      "fieldName": "amount",
      "fieldType": "BigDecimal",
      "fieldValidateRules": ["required"]
    }
  ],
  "relationships": [
    {
      "relationshipType": "one-to-many",
      "otherEntityName": "disbursement",
      "otherEntityRelationshipName": "invoice",
      "relationshipName": "shipment"
    }
  ],
  "changelogDate": "20210316002823",
  "entityTableName": "loan_application",
  "dto": "no",
  "pagination": "pagination",
  "service": "serviceClass",
  "jpaMetamodelFiltering": false,
  "fluentMethods": true,
  "readOnly": false,
  "embedded": false,
  "clientRootFolder": "",
  "applications": ["loans", "loanApplication"],
  "microserviceName": "loanApplication"
}
